street,original,house_number,postal_code,city,full_address,wbz,bezirk,kandidat,farbe,wahlberechtigte,latitude,longitude
Alte Poststraße,Alte Poststraße,,51588,Nümbrecht,"Alte Poststraße, 51588 Nümbrecht",WBZ 10,WBZ 10 - Nümbrecht 1,Gisa Hauschildt,#FF6B6B,934,50.9031954,7.5445317
Am Eichenkamp,Am Eichenkamp,,51588,Nümbrecht,"Am Eichenkamp, 51588 Nümbrecht",WBZ 10,WBZ 10 - Nümbrecht 1,Gisa Hauschildt,#FF6B6B,934,50.897381,7.5409311
Am Pfaffenberg,Am Pfaffenberg,,51588,Nümbrecht,"Am Pfaffenberg, 51588 Nümbrecht",WBZ 10,WBZ 10 - Nümbrecht 1,Gisa Hauschildt,#FF6B6B,934,50.8984214,7.5436216
Am Sonnenhang,Am Sonnenhang,,51588,Nümbrecht,"Am Sonnenhang, 51588 Nümbrecht",WBZ 10,WBZ 10 - Nümbrecht 1,Gisa Hauschildt,#FF6B6B,934,50.8986384,7.5414467
Amselweg,Amselweg,,51588,Nümbrecht,"Amselweg, 51588 Nümbrecht",WBZ 10,WBZ 10 - Nümbrecht 1,Gisa Hauschildt,#FF6B6B,934,50.8974904,7.5423655
Bitzenweg,Bitzenweg,,51588,Nümbrecht,"Bitzenweg, 51588 Nümbrecht",WBZ 10,WBZ 10 - Nümbrecht 1,Gisa Hauschildt,#FF6B6B,934,50.9002009,7.5421976
Bornenweg,Bornenweg,,51588,Nümbrecht,"Bornenweg, 51588 Nümbrecht",WBZ 10,WBZ 10 - Nümbrecht 1,Gisa Hauschildt,#FF6B6B,934,50.9017034,7.5447469
Distelkamper Straße,Distelkamper Straße,,51588,Nümbrecht,"Distelkamper Straße, 51588 Nümbrecht",WBZ 10,WBZ 10 - Nümbrecht 1,Gisa Hauschildt,#FF6B6B,934,50.9036282,7.5453472
Dr.-Horst-Frese-Straße,Dr.-Horst-Frese-Straße,,51588,Nümbrecht,"Dr.-Horst-Frese-Straße, 51588 Nümbrecht",WBZ 10,WBZ 10 - Nümbrecht 1,Gisa Hauschildt,#FF6B6B,934,50.9009632,7.5492144
Dr.-Rieck-Straße,Dr.-Rieck-Straße,,51588,Nümbrecht,"Dr.-Rieck-Straße, 51588 Nümbrecht",WBZ 10,WBZ 10 - Nümbrecht 1,Gisa Hauschildt,#FF6B6B,934,50.9028606,7.5419391
Nümbrechter Straße,Nümbrechter Straße,,51588,Nümbrecht,"Nümbrechter Straße, 51588 Nümbrecht",WBZ 10,WBZ 10 - Nümbrecht 1,Gisa Hauschildt,#FF6B6B,934,50.9019229,7.5492234
Ebenbruch,Ebenbruch,,51588,Nümbrecht,"Ebenbruch, 51588 Nümbrecht",WBZ 10,WBZ 10 - Nümbrecht 1,Gisa Hauschildt,#FF6B6B,934,50.9010029,7.5509308
Finkenweg,Finkenweg,,51588,Nümbrecht,"Finkenweg, 51588 Nümbrecht",WBZ 10,WBZ 10 - Nümbrecht 1,Gisa Hauschildt,#FF6B6B,934,50.9000897,7.5417516
Jakob-Engels-Straße,Jakob-Engels-Straße,,51588,Nümbrecht,"Jakob-Engels-Straße, 51588 Nümbrecht",WBZ 10,WBZ 10 - Nümbrecht 1,Gisa Hauschildt,#FF6B6B,934,50.9011411,7.5437799
Meta-Herz-Straße,Meta-Herz-Straße,,51588,Nümbrecht,"Meta-Herz-Straße, 51588 Nümbrecht",WBZ 10,WBZ 10 - Nümbrecht 1,Gisa Hauschildt,#FF6B6B,934,50.9032281,7.542596
Nachtigallenweg,Nachtigallenweg,,51588,Nümbrecht,"Nachtigallenweg, 51588 Nümbrecht",WBZ 10,WBZ 10 - Nümbrecht 1,Gisa Hauschildt,#FF6B6B,934,50.8990181,7.5421419
Överchen,Överchen,,51588,Nümbrecht,"Överchen, 51588 Nümbrecht",WBZ 10,WBZ 10 - Nümbrecht 1,Gisa Hauschildt,#FF6B6B,934,50.9016819,7.5423512
Parkblick,Parkblick,,51588,Nümbrecht,"Parkblick, 51588 Nümbrecht",WBZ 10,WBZ 10 - Nümbrecht 1,Gisa Hauschildt,#FF6B6B,934,50.9033851,7.5464498
Am Ehrenmal,Am Ehrenmal,,51588,Nümbrecht,"Am Ehrenmal, 51588 Nümbrecht",WBZ 20,WBZ 20 - Nümbrecht 2,Jörg Reintsema,#C7CEEA,972,50.9083435,7.5450577
Auf der Geisshardt,Auf der Geisshardt,,51588,Nümbrecht,"Auf der Geisshardt, 51588 Nümbrecht",WBZ 20,WBZ 20 - Nümbrecht 2,Jörg Reintsema,#C7CEEA,972,50.9033978,7.5409481
Bahnhofstraße,Bahnhofstraße (Hsnrn. 2-20 gerade),2-20 gerade,51588,Nümbrecht,"Bahnhofstraße, 51588 Nümbrecht",WBZ 20,WBZ 20 - Nümbrecht 2,Jörg Reintsema,#C7CEEA,972,50.9087167,7.540799
Eckenbacher Hardt,Eckenbacher Hardt,,51588,Nümbrecht,"Eckenbacher Hardt, 51588 Nümbrecht",WBZ 20,WBZ 20 - Nümbrecht 2,Jörg Reintsema,#C7CEEA,972,50.909608,7.5396174
Gärtnerweg,Gärtnerweg,,51588,Nümbrecht,"Gärtnerweg, 51588 Nümbrecht",WBZ 20,WBZ 20 - Nümbrecht 2,Jörg Reintsema,#C7CEEA,972,50.9062557,7.5436556
Höhenstraße,Höhenstraße,,51588,Nümbrecht,"Höhenstraße, 51588 Nümbrecht",WBZ 20,WBZ 20 - Nümbrecht 2,Jörg Reintsema,#C7CEEA,972,50.910077,7.5451492
Hömerich,Hömerich,,51588,Nümbrecht,"Hömerich, 51588 Nümbrecht",WBZ 20,WBZ 20 - Nümbrecht 2,Jörg Reintsema,#C7CEEA,972,50.9108836,7.5414543
Huppichterother Kirchweg,Huppichterother Kirchweg,,51588,Nümbrecht,"Huppichterother Kirchweg, 51588 Nümbrecht",WBZ 20,WBZ 20 - Nümbrecht 2,Jörg Reintsema,#C7CEEA,972,50.9087664,7.5367495
Kapellenweg,Kapellenweg,,51588,Nümbrecht,"Kapellenweg, 51588 Nümbrecht",WBZ 20,WBZ 20 - Nümbrecht 2,Jörg Reintsema,#C7CEEA,972,50.9088631,7.5444605
Lindchenweg,Lindchenweg,,51588,Nümbrecht,"Lindchenweg, 51588 Nümbrecht",WBZ 20,WBZ 20 - Nümbrecht 2,Jörg Reintsema,#C7CEEA,972,50.9061896,7.5463694
Parkstraße,Parkstraße,,51588,Nümbrecht,"Parkstraße, 51588 Nümbrecht",WBZ 20,WBZ 20 - Nümbrecht 2,Jörg Reintsema,#C7CEEA,972,50.9035481,7.542955
Ritterpfad,Ritterpfad,,51588,Nümbrecht,"Ritterpfad, 51588 Nümbrecht",WBZ 20,WBZ 20 - Nümbrecht 2,Jörg Reintsema,#C7CEEA,972,50.9088345,7.5381163
Schloßstrasse,Schloßstrasse,,51588,Nümbrecht,"Schloßstrasse, 51588 Nümbrecht",WBZ 20,WBZ 20 - Nümbrecht 2,Jörg Reintsema,#C7CEEA,972,50.9096364,7.5431063
Spreitger Weg,Spreitger Weg,,51588,Nümbrecht,"Spreitger Weg, 51588 Nümbrecht",WBZ 20,WBZ 20 - Nümbrecht 2,Jörg Reintsema,#C7CEEA,972,50.90696,7.5453454
Weiherstraße,Weiherstraße,,51588,Nümbrecht,"Weiherstraße, 51588 Nümbrecht",WBZ 20,WBZ 20 - Nümbrecht 2,Jörg Reintsema,#C7CEEA,972,50.9039982,7.5448432
Spreitgen,Spreitgen,,51588,Nümbrecht,"Spreitgen, 51588 Nümbrecht",WBZ 20,WBZ 20 - Nümbrecht 2,Jörg Reintsema,#C7CEEA,972,50.9125507,7.5488946
Am Breiten Stück,Am Breiten Stück,,51588,Nümbrecht,"Am Breiten Stück, 51588 Nümbrecht",WBZ 30,WBZ 30 - Nümbrecht 3,Dagmar Schmitz,#FFDAB9,848,50.9065421,7.5413184
Am Hof,Am Hof,,51588,Nümbrecht,"Am Hof, 51588 Nümbrecht",WBZ 30,WBZ 30 - Nümbrecht 3,Dagmar Schmitz,#FFDAB9,848,50.9016812,7.5396983
Anemonenweg,Anemonenweg,,51588,Nümbrecht,"Anemonenweg, 51588 Nümbrecht",WBZ 30,WBZ 30 - Nümbrecht 3,Dagmar Schmitz,#FFDAB9,848,50.903157,7.5345047
Dorfplatz,Dorfplatz,,51588,Nümbrecht,"Dorfplatz, 51588 Nümbrecht",WBZ 30,WBZ 30 - Nümbrecht 3,Dagmar Schmitz,#FFDAB9,848,50.9032372,7.5416675
Eckenbacher Straße,Eckenbacher Straße,,51588,Nümbrecht,"Eckenbacher Straße, 51588 Nümbrecht",WBZ 30,WBZ 30 - Nümbrecht 3,Dagmar Schmitz,#FFDAB9,848,50.9066834,7.5363036
Erlenweg,Erlenweg,,51588,Nümbrecht,"Erlenweg, 51588 Nümbrecht",WBZ 30,WBZ 30 - Nümbrecht 3,Dagmar Schmitz,#FFDAB9,848,50.9060209,7.5373575
Feldstraße,Feldstraße,,51588,Nümbrecht,"Feldstraße, 51588 Nümbrecht",WBZ 30,WBZ 30 - Nümbrecht 3,Dagmar Schmitz,#FFDAB9,848,50.9068846,7.5407896
Friedhofstraße,Friedhofstraße,,51588,Nümbrecht,"Friedhofstraße, 51588 Nümbrecht",WBZ 30,WBZ 30 - Nümbrecht 3,Dagmar Schmitz,#FFDAB9,848,50.9061651,7.5385063
Glockenblumenweg,Glockenblumenweg,,51588,Nümbrecht,"Glockenblumenweg, 51588 Nümbrecht",WBZ 30,WBZ 30 - Nümbrecht 3,Dagmar Schmitz,#FFDAB9,848,50.902855,7.534771
Gouvieuxstraße,Gouvieuxstraße,,51588,Nümbrecht,"Gouvieuxstraße, 51588 Nümbrecht",WBZ 30,WBZ 30 - Nümbrecht 3,Dagmar Schmitz,#FFDAB9,848,50.9036999,7.5348045
Hauptstraße,Hauptstraße,,51588,Nümbrecht,"Hauptstraße, 51588 Nümbrecht",WBZ 30,WBZ 30 - Nümbrecht 3,Dagmar Schmitz,#FFDAB9,848,50.9020173,7.5409326
Heckenrosenweg,Heckenrosenweg,,51588,Nümbrecht,"Heckenrosenweg, 51588 Nümbrecht",WBZ 30,WBZ 30 - Nümbrecht 3,Dagmar Schmitz,#FFDAB9,848,50.9022486,7.5369569
Im Wiesengrund,Im Wiesengrund,,51588,Nümbrecht,"Im Wiesengrund, 51588 Nümbrecht",WBZ 30,WBZ 30 - Nümbrecht 3,Dagmar Schmitz,#FFDAB9,848,50.9060724,7.5406597
In der Delle,In der Delle,,51588,Nümbrecht,"In der Delle, 51588 Nümbrecht",WBZ 30,WBZ 30 - Nümbrecht 3,Dagmar Schmitz,#FFDAB9,848,50.9298101,7.4948282
Kornblumenweg,Kornblumenweg,,51588,Nümbrecht,"Kornblumenweg, 51588 Nümbrecht",WBZ 30,WBZ 30 - Nümbrecht 3,Dagmar Schmitz,#FFDAB9,848,50.9027287,7.5363904
Leo-Baer-Straße,Leo-Baer-Straße,,51588,Nümbrecht,"Leo-Baer-Straße, 51588 Nümbrecht",WBZ 30,WBZ 30 - Nümbrecht 3,Dagmar Schmitz,#FFDAB9,848,50.9042478,7.5385338
Lilienweg,Lilienweg,,51588,Nümbrecht,"Lilienweg, 51588 Nümbrecht",WBZ 30,WBZ 30 - Nümbrecht 3,Dagmar Schmitz,#FFDAB9,848,50.9023145,7.5376838
Lina-Friedrichs-Straße,Lina-Friedrichs-Straße,,51588,Nümbrecht,"Lina-Friedrichs-Straße, 51588 Nümbrecht",WBZ 30,WBZ 30 - Nümbrecht 3,Dagmar Schmitz,#FFDAB9,848,50.9030022,7.5414121
Marktstraße,Marktstraße,,51588,Nümbrecht,"Marktstraße, 51588 Nümbrecht",WBZ 30,WBZ 30 - Nümbrecht 3,Dagmar Schmitz,#FFDAB9,848,50.9026605,7.5391761
Mateh-Yehuda-Straße,Mateh-Yehuda-Straße,,51588,Nümbrecht,"Mateh-Yehuda-Straße, 51588 Nümbrecht",WBZ 30,WBZ 30 - Nümbrecht 3,Dagmar Schmitz,#FFDAB9,848,50.9041152,7.5360799
Rotkleeweg,Rotkleeweg,,51588,Nümbrecht,"Rotkleeweg, 51588 Nümbrecht",WBZ 30,WBZ 30 - Nümbrecht 3,Dagmar Schmitz,#FFDAB9,848,50.9029227,7.5335673
Sängertshöhe,Sängertshöhe,,51588,Nümbrecht,"Sängertshöhe, 51588 Nümbrecht",WBZ 30,WBZ 30 - Nümbrecht 3,Dagmar Schmitz,#FFDAB9,848,50.9036686,7.5300761
Sängertsweg,Sängertsweg,,51588,Nümbrecht,"Sängertsweg, 51588 Nümbrecht",WBZ 30,WBZ 30 - Nümbrecht 3,Dagmar Schmitz,#FFDAB9,848,50.9030308,7.5300913
Schulstraße,Schulstraße,,51588,Nümbrecht,"Schulstraße, 51588 Nümbrecht",WBZ 30,WBZ 30 - Nümbrecht 3,Dagmar Schmitz,#FFDAB9,848,50.9012939,7.538464
Schustergasse,Schustergasse,,51588,Nümbrecht,"Schustergasse, 51588 Nümbrecht",WBZ 30,WBZ 30 - Nümbrecht 3,Dagmar Schmitz,#FFDAB9,848,50.9026286,7.5410559
Wiesenstraße,Wiesenstraße,,51588,Nümbrecht,"Wiesenstraße, 51588 Nümbrecht",WBZ 30,WBZ 30 - Nümbrecht 3,Dagmar Schmitz,#FFDAB9,848,50.9057286,7.537209
Akeleiweg,Akeleiweg,,51588,Nümbrecht,"Akeleiweg, 51588 Nümbrecht",WBZ 40,WBZ 40 - Nümbrecht 4,Jörg Menne,#E8B4B8,976,50.9007148,7.5364263
Arnikaweg,Arnikaweg,,51588,Nümbrecht,"Arnikaweg, 51588 Nümbrecht",WBZ 40,WBZ 40 - Nümbrecht 4,Jörg Menne,#E8B4B8,976,50.9017368,7.5327243
Breidenbacher Weg,Breidenbacher Weg,,51588,Nümbrecht,"Breidenbacher Weg, 51588 Nümbrecht",WBZ 40,WBZ 40 - Nümbrecht 4,Jörg Menne,#E8B4B8,976,50.8996157,7.5383842
Fingerhutweg,Fingerhutweg,,51588,Nümbrecht,"Fingerhutweg, 51588 Nümbrecht",WBZ 40,WBZ 40 - Nümbrecht 4,Jörg Menne,#E8B4B8,976,50.9012113,7.5330299
Goldnesselweg,Goldnesselweg,,51588,Nümbrecht,"Goldnesselweg, 51588 Nümbrecht",WBZ 40,WBZ 40 - Nümbrecht 4,Jörg Menne,#E8B4B8,976,50.9023403,7.5323643
Holunderweg,Holunderweg,,51588,Nümbrecht,"Holunderweg, 51588 Nümbrecht",WBZ 40,WBZ 40 - Nümbrecht 4,Jörg Menne,#E8B4B8,976,50.8982713,7.5333604
Lupinenweg,Lupinenweg,,51588,Nümbrecht,"Lupinenweg, 51588 Nümbrecht",WBZ 40,WBZ 40 - Nümbrecht 4,Jörg Menne,#E8B4B8,976,50.8996112,7.5347881
Maiglöckchenweg,Maiglöckchenweg,,51588,Nümbrecht,"Maiglöckchenweg, 51588 Nümbrecht",WBZ 40,WBZ 40 - Nümbrecht 4,Jörg Menne,#E8B4B8,976,50.902156,7.532058
Margeritenweg,Margeritenweg,,51588,Nümbrecht,"Margeritenweg, 51588 Nümbrecht",WBZ 40,WBZ 40 - Nümbrecht 4,Jörg Menne,#E8B4B8,976,50.9018758,7.5329861
Mohnweg,Mohnweg,,51588,Nümbrecht,"Mohnweg, 51588 Nümbrecht",WBZ 40,WBZ 40 - Nümbrecht 4,Jörg Menne,#E8B4B8,976,50.9019175,7.5351828
Narzissenweg,Narzissenweg,,51588,Nümbrecht,"Narzissenweg, 51588 Nümbrecht",WBZ 40,WBZ 40 - Nümbrecht 4,Jörg Menne,#E8B4B8,976,50.8994564,7.5361382
Orchideenweg,Orchideenweg,,51588,Nümbrecht,"Orchideenweg, 51588 Nümbrecht",WBZ 40,WBZ 40 - Nümbrecht 4,Jörg Menne,#E8B4B8,976,50.8997293,7.5369443
Schlüsselblumenweg,Schlüsselblumenweg,,51588,Nümbrecht,"Schlüsselblumenweg, 51588 Nümbrecht",WBZ 40,WBZ 40 - Nümbrecht 4,Jörg Menne,#E8B4B8,976,50.9011471,7.5368298
Schmiedeweg,Schmiedeweg,,51588,Nümbrecht,"Schmiedeweg, 51588 Nümbrecht",WBZ 40,WBZ 40 - Nümbrecht 4,Jörg Menne,#E8B4B8,976,50.9006075,7.5386394
Thymianweg,Thymianweg,,51588,Nümbrecht,"Thymianweg, 51588 Nümbrecht",WBZ 40,WBZ 40 - Nümbrecht 4,Jörg Menne,#E8B4B8,976,50.9010308,7.5350121
Veilchenweg,Veilchenweg,,51588,Nümbrecht,"Veilchenweg, 51588 Nümbrecht",WBZ 40,WBZ 40 - Nümbrecht 4,Jörg Menne,#E8B4B8,976,50.9025612,7.5327291
Wildrosenweg,Wildrosenweg,,51588,Nümbrecht,"Wildrosenweg, 51588 Nümbrecht",WBZ 40,WBZ 40 - Nümbrecht 4,Jörg Menne,#E8B4B8,976,50.8992156,7.5337845
Göpringhausen,Göpringhausen,,51588,Nümbrecht,"Göpringhausen, 51588 Nümbrecht",WBZ 50,WBZ 50 - Homburg-Bröl,Markus Lang,#95E1D3,927,50.9099452,7.5215947
Göpringhauser Straße,"Göpringhauser Straße (Hsnrn.3-19, 10-36)","3-19, 10-36",51588,Nümbrecht,"Göpringhauser Straße, 51588 Nümbrecht",WBZ 50,WBZ 50 - Homburg-Bröl,Markus Lang,#95E1D3,927,50.9094481,7.5223509
Heddinghausen,Heddinghausen,,51588,Nümbrecht,"Heddinghausen, 51588 Nümbrecht",WBZ 50,WBZ 50 - Homburg-Bröl,Markus Lang,#95E1D3,927,50.9027511,7.5093826
Homburg-Bröl,Homburg-Bröl,,51588,Nümbrecht,"Homburg-Bröl, 51588 Nümbrecht",WBZ 50,WBZ 50 - Homburg-Bröl,Markus Lang,#95E1D3,927,50.9121458,7.5296313
Bahnhofstraße,"Bahnhofstraße (Hsnrn. 1-11, 22-26)","1-11, 22-26",51588,Nümbrecht,"Bahnhofstraße, 51588 Nümbrecht",WBZ 50,WBZ 50 - Homburg-Bröl,Markus Lang,#95E1D3,927,50.9087167,7.540799
Göpringhauser Straße,"Göpringhauser Straße (Hsnrn. 1, 2-8)","1, 2-8",51588,Nümbrecht,"Göpringhauser Straße, 51588 Nümbrecht",WBZ 50,WBZ 50 - Homburg-Bröl,Markus Lang,#95E1D3,927,50.9094481,7.5223509
Huppichteroth,Huppichteroth,,51588,Nümbrecht,"Huppichteroth, 51588 Nümbrecht",WBZ 50,WBZ 50 - Homburg-Bröl,Markus Lang,#95E1D3,927,50.9170035,7.5291192
Holsteinsmühle,Holsteinsmühle,,51588,Nümbrecht,"Holsteinsmühle, 51588 Nümbrecht",WBZ 50,WBZ 50 - Homburg-Bröl,Markus Lang,#95E1D3,927,50.9187406,7.5400381
Schloss Homburg,Schloss Homburg,,51588,Nümbrecht,"Schloss Homburg, 51588 Nümbrecht",WBZ 50,WBZ 50 - Homburg-Bröl,Markus Lang,#95E1D3,927,50.9157024,7.5368398
Abbenroth,Abbenroth,,51588,Nümbrecht,"Abbenroth, 51588 Nümbrecht",WBZ 60,WBZ 60 - Bierenbachtal West,Ulrike Herrgesell,#F38181,940,50.934071,7.5467739
Ahornweg,Ahornweg,,51588,Nümbrecht,"Ahornweg, 51588 Nümbrecht",WBZ 60,WBZ 60 - Bierenbachtal West,Ulrike Herrgesell,#F38181,940,50.9307522,7.5533574
Alte Mühle,Alte Mühle,,51588,Nümbrecht,"Alte Mühle, 51588 Nümbrecht",WBZ 60,WBZ 60 - Bierenbachtal West,Ulrike Herrgesell,#F38181,940,50.9294013,7.5572247
Am Jungholz,Am Jungholz,,51588,Nümbrecht,"Am Jungholz, 51588 Nümbrecht",WBZ 60,WBZ 60 - Bierenbachtal West,Ulrike Herrgesell,#F38181,940,50.9302637,7.5527547
Auf der Wand,Auf der Wand,,51588,Nümbrecht,"Auf der Wand, 51588 Nümbrecht",WBZ 60,WBZ 60 - Bierenbachtal West,Ulrike Herrgesell,#F38181,940,50.9320411,7.5532329
Bocksiefen,Bocksiefen,,51588,Nümbrecht,"Bocksiefen, 51588 Nümbrecht",WBZ 60,WBZ 60 - Bierenbachtal West,Ulrike Herrgesell,#F38181,940,50.9240459,7.5505285
Denkmalweg,Denkmalweg,,51588,Nümbrecht,"Denkmalweg, 51588 Nümbrecht",WBZ 60,WBZ 60 - Bierenbachtal West,Ulrike Herrgesell,#F38181,940,50.9292726,7.5497417
Drosselweg,Drosselweg,,51588,Nümbrecht,"Drosselweg, 51588 Nümbrecht",WBZ 60,WBZ 60 - Bierenbachtal West,Ulrike Herrgesell,#F38181,940,50.9276417,7.5530392
Eichelchen,Eichelchen,,51588,Nümbrecht,"Eichelchen, 51588 Nümbrecht",WBZ 60,WBZ 60 - Bierenbachtal West,Ulrike Herrgesell,#F38181,940,50.9246905,7.549471
Eichenweg,Eichenweg,,51588,Nümbrecht,"Eichenweg, 51588 Nümbrecht",WBZ 60,WBZ 60 - Bierenbachtal West,Ulrike Herrgesell,#F38181,940,50.9346658,7.550061
Eichfeld,Eichfeld,,51588,Nümbrecht,"Eichfeld, 51588 Nümbrecht",WBZ 60,WBZ 60 - Bierenbachtal West,Ulrike Herrgesell,#F38181,940,50.9283618,7.551361
Grumether Straße,Grumether Straße,,51588,Nümbrecht,"Grumether Straße, 51588 Nümbrecht",WBZ 60,WBZ 60 - Bierenbachtal West,Ulrike Herrgesell,#F38181,940,50.9271352,7.5483219
Hinter der Nörr,Hinter der Nörr,,51588,Nümbrecht,"Hinter der Nörr, 51588 Nümbrecht",WBZ 60,WBZ 60 - Bierenbachtal West,Ulrike Herrgesell,#F38181,940,50.9298991,7.5507234
Im Alten Feld,Im Alten Feld,,51588,Nümbrecht,"Im Alten Feld, 51588 Nümbrecht",WBZ 60,WBZ 60 - Bierenbachtal West,Ulrike Herrgesell,#F38181,940,50.9238592,7.5467486
In der Holl,In der Holl,,51588,Nümbrecht,"In der Holl, 51588 Nümbrecht",WBZ 60,WBZ 60 - Bierenbachtal West,Ulrike Herrgesell,#F38181,940,50.9240688,7.5484939
Jürgesweg,Jürgesweg,,51588,Nümbrecht,"Jürgesweg, 51588 Nümbrecht",WBZ 60,WBZ 60 - Bierenbachtal West,Ulrike Herrgesell,#F38181,940,50.9338417,7.5531785
Kalkofener Straße,Kalkofener Straße,,51588,Nümbrecht,"Kalkofener Straße, 51588 Nümbrecht",WBZ 60,WBZ 60 - Bierenbachtal West,Ulrike Herrgesell,#F38181,940,50.9223896,7.5489075
Kirschbaumweg,Kirschbaumweg,,51588,Nümbrecht,"Kirschbaumweg, 51588 Nümbrecht",WBZ 60,WBZ 60 - Bierenbachtal West,Ulrike Herrgesell,#F38181,940,50.9311354,7.5549689
Kleefeld,Kleefeld,,51588,Nümbrecht,"Kleefeld, 51588 Nümbrecht",WBZ 60,WBZ 60 - Bierenbachtal West,Ulrike Herrgesell,#F38181,940,50.925996,7.5484909
Meisenweg,Meisenweg,,51588,Nümbrecht,"Meisenweg, 51588 Nümbrecht",WBZ 60,WBZ 60 - Bierenbachtal West,Ulrike Herrgesell,#F38181,940,50.9268715,7.5521083
Mühlenweg,Mühlenweg,,51588,Nümbrecht,"Mühlenweg, 51588 Nümbrecht",WBZ 60,WBZ 60 - Bierenbachtal West,Ulrike Herrgesell,#F38181,940,50.9241987,7.5501742
Seinscheweg,Seinscheweg,,51588,Nümbrecht,"Seinscheweg, 51588 Nümbrecht",WBZ 60,WBZ 60 - Bierenbachtal West,Ulrike Herrgesell,#F38181,940,50.9332235,7.5523718
Starenweg,Starenweg,,51588,Nümbrecht,"Starenweg, 51588 Nümbrecht",WBZ 60,WBZ 60 - Bierenbachtal West,Ulrike Herrgesell,#F38181,940,50.9263286,7.5505137
Stollenweg,Stollenweg,,51588,Nümbrecht,"Stollenweg, 51588 Nümbrecht",WBZ 60,WBZ 60 - Bierenbachtal West,Ulrike Herrgesell,#F38181,940,50.9345166,7.5544018
Taubenweg,Taubenweg,,51588,Nümbrecht,"Taubenweg, 51588 Nümbrecht",WBZ 60,WBZ 60 - Bierenbachtal West,Ulrike Herrgesell,#F38181,940,50.9271295,7.5511704
Wiehler Straße,Wiehler Straße,,51588,Nümbrecht,"Wiehler Straße, 51588 Nümbrecht",WBZ 60,WBZ 60 - Bierenbachtal West,Ulrike Herrgesell,#F38181,940,50.9274334,7.5537317
Am Rottland,Am Rottland,,51588,Nümbrecht,"Am Rottland, 51588 Nümbrecht",WBZ 70,WBZ 70 - Bierenbachtal Ost,Thomas Hellbusch,#AA96DA,905,50.9256591,7.555249
Auf der Art,Auf der Art,,51588,Nümbrecht,"Auf der Art, 51588 Nümbrecht",WBZ 70,WBZ 70 - Bierenbachtal Ost,Thomas Hellbusch,#AA96DA,905,50.9327932,7.556225
Backhausweg,Backhausweg,,51588,Nümbrecht,"Backhausweg, 51588 Nümbrecht",WBZ 70,WBZ 70 - Bierenbachtal Ost,Thomas Hellbusch,#AA96DA,905,50.9310767,7.5561357
Bachstelzenweg,Bachstelzenweg,,51588,Nümbrecht,"Bachstelzenweg, 51588 Nümbrecht",WBZ 70,WBZ 70 - Bierenbachtal Ost,Thomas Hellbusch,#AA96DA,905,50.9262708,7.5552685
Bonekamper Straße,Bonekamper Straße,,51588,Nümbrecht,"Bonekamper Straße, 51588 Nümbrecht",WBZ 70,WBZ 70 - Bierenbachtal Ost,Thomas Hellbusch,#AA96DA,905,50.9270629,7.5572436
Brühland,Brühland,,51588,Nümbrecht,"Brühland, 51588 Nümbrecht",WBZ 70,WBZ 70 - Bierenbachtal Ost,Thomas Hellbusch,#AA96DA,905,50.9223459,7.552844
Driescher Straße,Driescher Straße,,51588,Nümbrecht,"Driescher Straße, 51588 Nümbrecht",WBZ 70,WBZ 70 - Bierenbachtal Ost,Thomas Hellbusch,#AA96DA,905,50.9299165,7.5576992
Freibadstraße,Freibadstraße,,51588,Nümbrecht,"Freibadstraße, 51588 Nümbrecht",WBZ 70,WBZ 70 - Bierenbachtal Ost,Thomas Hellbusch,#AA96DA,905,50.9314382,7.5586862
Feuerwehrstraße,Feuerwehrstraße,,51588,Nümbrecht,"Feuerwehrstraße, 51588 Nümbrecht",WBZ 70,WBZ 70 - Bierenbachtal Ost,Thomas Hellbusch,#AA96DA,905,50.9295388,7.5552516
Gretenhecke,Gretenhecke,,51588,Nümbrecht,"Gretenhecke, 51588 Nümbrecht",WBZ 70,WBZ 70 - Bierenbachtal Ost,Thomas Hellbusch,#AA96DA,905,50.9297401,7.5633936
Im Eichenwald,Im Eichenwald,,51588,Nümbrecht,"Im Eichenwald, 51588 Nümbrecht",WBZ 70,WBZ 70 - Bierenbachtal Ost,Thomas Hellbusch,#AA96DA,905,50.9237576,7.555781
Im Grund,Im Grund,,51588,Nümbrecht,"Im Grund, 51588 Nümbrecht",WBZ 70,WBZ 70 - Bierenbachtal Ost,Thomas Hellbusch,#AA96DA,905,50.9311983,7.562106
Kalksteinstraße,Kalksteinstraße,,51588,Nümbrecht,"Kalksteinstraße, 51588 Nümbrecht",WBZ 70,WBZ 70 - Bierenbachtal Ost,Thomas Hellbusch,#AA96DA,905,50.9272876,7.5596645
Kiefernweg,Kiefernweg,,51588,Nümbrecht,"Kiefernweg, 51588 Nümbrecht",WBZ 70,WBZ 70 - Bierenbachtal Ost,Thomas Hellbusch,#AA96DA,905,50.9312354,7.5652782
Lindenweg,Lindenweg,,51588,Nümbrecht,"Lindenweg, 51588 Nümbrecht",WBZ 70,WBZ 70 - Bierenbachtal Ost,Thomas Hellbusch,#AA96DA,905,50.9318558,7.556641
Nordhang,Nordhang,,51588,Nümbrecht,"Nordhang, 51588 Nümbrecht",WBZ 70,WBZ 70 - Bierenbachtal Ost,Thomas Hellbusch,#AA96DA,905,50.9280506,7.5597149
Schlenke,Schlenke,,51588,Nümbrecht,"Schlenke, 51588 Nümbrecht",WBZ 70,WBZ 70 - Bierenbachtal Ost,Thomas Hellbusch,#AA96DA,905,50.9327428,7.5663178
Talstraße,Talstraße,,51588,Nümbrecht,"Talstraße, 51588 Nümbrecht",WBZ 70,WBZ 70 - Bierenbachtal Ost,Thomas Hellbusch,#AA96DA,905,50.9242424,7.5540626
Weißdornweg,Weißdornweg,,51588,Nümbrecht,"Weißdornweg, 51588 Nümbrecht",WBZ 70,WBZ 70 - Bierenbachtal Ost,Thomas Hellbusch,#AA96DA,905,50.9290406,7.5614316
Zur Strassen,Zur Strassen,,51588,Nümbrecht,"Zur Strassen, 51588 Nümbrecht",WBZ 70,WBZ 70 - Bierenbachtal Ost,Thomas Hellbusch,#AA96DA,905,50.9321742,7.5666769
Unter der Hardt,Unter der Hardt,,51588,Nümbrecht,"Unter der Hardt, 51588 Nümbrecht",WBZ 70,WBZ 70 - Bierenbachtal Ost,Thomas Hellbusch,#AA96DA,905,50.920291,7.5576838
Rommelsdorf,Rommelsdorf,,51588,Nümbrecht,"Rommelsdorf, 51588 Nümbrecht",WBZ 70,WBZ 70 - Bierenbachtal Ost,Thomas Hellbusch,#AA96DA,905,50.9359085,7.5735721
Breunfeld,Breunfeld,,51588,Nümbrecht,"Breunfeld, 51588 Nümbrecht",WBZ 80,WBZ 80 - Gaderoth/Breunfeld,Philipp Beck,#FCBAD3,830,50.9183709,7.5651137
Gaderoth,Gaderoth,,51588,Nümbrecht,"Gaderoth, 51588 Nümbrecht",WBZ 80,WBZ 80 - Gaderoth/Breunfeld,Philipp Beck,#FCBAD3,830,50.923522,7.5779904
Auf der Hardt,Auf der Hardt,,51588,Nümbrecht,"Auf der Hardt, 51588 Nümbrecht",WBZ 90,WBZ 90 - Oberbreidenbach/Prombach,Manfred Henry Daub,#FFD93D,852,50.9260013,7.6071148
Heisterstock,Heisterstock,,51588,Nümbrecht,"Heisterstock, 51588 Nümbrecht",WBZ 90,WBZ 90 - Oberbreidenbach/Prombach,Manfred Henry Daub,#FFD93D,852,50.9214694,7.6089823
Oberbierenbach,Oberbierenbach,,51588,Nümbrecht,"Oberbierenbach, 51588 Nümbrecht",WBZ 90,WBZ 90 - Oberbreidenbach/Prombach,Manfred Henry Daub,#FFD93D,852,50.9332232,7.5771206
Oberbreidenbach,Oberbreidenbach,,51588,Nümbrecht,"Oberbreidenbach, 51588 Nümbrecht",WBZ 90,WBZ 90 - Oberbreidenbach/Prombach,Manfred Henry Daub,#FFD93D,852,50.9235212,7.6005086
Prombach,Prombach,,51588,Nümbrecht,"Prombach, 51588 Nümbrecht",WBZ 90,WBZ 90 - Oberbreidenbach/Prombach,Manfred Henry Daub,#FFD93D,852,50.9287012,7.5894333
Birkenbach,Birkenbach,,51588,Nümbrecht,"Birkenbach, 51588 Nümbrecht",WBZ 100,WBZ 100 - Winterborn,Christopher Seinsche,#4ECDC4,852,50.9126053,7.6031818
Bruch,Bruch,,51588,Nümbrecht,"Bruch, 51588 Nümbrecht",WBZ 100,WBZ 100 - Winterborn,Christopher Seinsche,#4ECDC4,852,50.9088287,7.5854798
Brucher Straße,"Brucher Straße (Hsnrn. 12-28, 13-31)","12-28, 13-31",51588,Nümbrecht,"Brucher Straße, 51588 Nümbrecht",WBZ 100,WBZ 100 - Winterborn,Christopher Seinsche,#4ECDC4,852,50.9075031,7.5877835
Distelkamp,Distelkamp,,51588,Nümbrecht,"Distelkamp, 51588 Nümbrecht",WBZ 100,WBZ 100 - Winterborn,Christopher Seinsche,#4ECDC4,852,50.911234,7.5684727
Oedinghausen,Oedinghausen,,51588,Nümbrecht,"Oedinghausen, 51588 Nümbrecht",WBZ 100,WBZ 100 - Winterborn,Christopher Seinsche,#4ECDC4,852,50.9015706,7.5586038
Winterborn,Winterborn,,51588,Nümbrecht,"Winterborn, 51588 Nümbrecht",WBZ 100,WBZ 100 - Winterborn,Christopher Seinsche,#4ECDC4,852,50.9134574,7.5882818
Drinsahl,Drinsahl,,51588,Nümbrecht,"Drinsahl, 51588 Nümbrecht",WBZ 110,WBZ 110 - Grötzenberg,Björn Dittich,#45B7D1,875,50.8975269,7.5892753
Grötzenberg,Grötzenberg,,51588,Nümbrecht,"Grötzenberg, 51588 Nümbrecht",WBZ 110,WBZ 110 - Grötzenberg,Björn Dittich,#45B7D1,875,50.9065301,7.5915433
Brucher Straße,"Brucher Straße (Hsnrn. 1-11, 2-10)","1-11, 2-10",51588,Nümbrecht,"Brucher Straße, 51588 Nümbrecht",WBZ 110,WBZ 110 - Grötzenberg,Björn Dittich,#45B7D1,875,50.9075031,7.5877835
Mühlenbergweg,"Mühlenbergweg (Hsnrn. 90-110, 101-109)","90-110, 101-109",51588,Nümbrecht,"Mühlenbergweg, 51588 Nümbrecht",WBZ 110,WBZ 110 - Grötzenberg,Björn Dittich,#45B7D1,875,50.9039214,7.585114
Hammermühle,Hammermühle,,51588,Nümbrecht,"Hammermühle, 51588 Nümbrecht",WBZ 110,WBZ 110 - Grötzenberg,Björn Dittich,#45B7D1,875,50.9029207,7.5886937
Malzhagen,Malzhagen,,51588,Nümbrecht,"Malzhagen, 51588 Nümbrecht",WBZ 110,WBZ 110 - Grötzenberg,Björn Dittich,#45B7D1,875,50.9012808,7.5757439
Mühlenbergweg,"Mühlenbergweg (Hsnrn. 1, 2-14)","1, 2-14",51588,Nümbrecht,"Mühlenbergweg, 51588 Nümbrecht",WBZ 110,WBZ 110 - Grötzenberg,Björn Dittich,#45B7D1,875,50.9039214,7.585114
Niederbröl,Niederbröl,,51588,Nümbrecht,"Niederbröl, 51588 Nümbrecht",WBZ 110,WBZ 110 - Grötzenberg,Björn Dittich,#45B7D1,875,50.9036889,7.60355
Zur Delle,Zur Delle (Hsnrn. 1-17),1-17,51588,Nümbrecht,"Zur Delle, 51588 Nümbrecht",WBZ 110,WBZ 110 - Grötzenberg,Björn Dittich,#45B7D1,875,50.9033978,7.5409481
Ahlbusch,Ahlbusch,,51588,Nümbrecht,"Ahlbusch, 51588 Nümbrecht",WBZ 120,WBZ 120 - Hömel,Titzian Crisci,#FFA07A,878,50.8899995,7.5589569
Breitewiese,Breitewiese,,51588,Nümbrecht,"Breitewiese, 51588 Nümbrecht",WBZ 120,WBZ 120 - Hömel,Titzian Crisci,#FFA07A,878,50.8852382,7.5705045
Brünglinghausen,Brünglinghausen,,51588,Nümbrecht,"Brünglinghausen, 51588 Nümbrecht",WBZ 120,WBZ 120 - Hömel,Titzian Crisci,#FFA07A,878,50.8907439,7.5858131
Büschhof,Büschhof,,51588,Nümbrecht,"Büschhof, 51588 Nümbrecht",WBZ 120,WBZ 120 - Hömel,Titzian Crisci,#FFA07A,878,50.8953191,7.5763714
Buch,Buch,,51588,Nümbrecht,"Buch, 51588 Nümbrecht",WBZ 120,WBZ 120 - Hömel,Titzian Crisci,#FFA07A,878,50.8771038,7.5510446
Geringhausen,Geringhausen,,51588,Nümbrecht,"Geringhausen, 51588 Nümbrecht",WBZ 120,WBZ 120 - Hömel,Titzian Crisci,#FFA07A,878,50.8841055,7.542582
Geringhauser Mühle,Geringhauser Mühle,,51588,Nümbrecht,"Geringhauser Mühle, 51588 Nümbrecht",WBZ 120,WBZ 120 - Hömel,Titzian Crisci,#FFA07A,878,50.8799021,7.5427053
Haan,Haan,,51588,Nümbrecht,"Haan, 51588 Nümbrecht",WBZ 120,WBZ 120 - Hömel,Titzian Crisci,#FFA07A,878,50.8754986,7.566101
Hömel,Hömel,,51588,Nümbrecht,"Hömel, 51588 Nümbrecht",WBZ 120,WBZ 120 - Hömel,Titzian Crisci,#FFA07A,878,50.8856308,7.5629167
Langenbach,Langenbach,,51588,Nümbrecht,"Langenbach, 51588 Nümbrecht",WBZ 120,WBZ 120 - Hömel,Titzian Crisci,#FFA07A,878,50.8714111,7.5405861
Wirtenbach,Wirtenbach,,51588,Nümbrecht,"Wirtenbach, 51588 Nümbrecht",WBZ 120,WBZ 120 - Hömel,Titzian Crisci,#FFA07A,878,50.8891394,7.5678911
Benroth,Benroth,,51588,Nümbrecht,"Benroth, 51588 Nümbrecht",WBZ 130,WBZ 130 - Benroth/Berkenroth,Stephan Rühl,#98D8C8,916,50.8609649,7.5222487
Berkenroth,Berkenroth,,51588,Nümbrecht,"Berkenroth, 51588 Nümbrecht",WBZ 130,WBZ 130 - Benroth/Berkenroth,Stephan Rühl,#98D8C8,916,50.8628891,7.546568
Loch,Loch,,51588,Nümbrecht,"Loch, 51588 Nümbrecht",WBZ 130,WBZ 130 - Benroth/Berkenroth,Stephan Rühl,#98D8C8,916,50.8717349,7.5599301
Neuroth,Neuroth,,51588,Nümbrecht,"Neuroth, 51588 Nümbrecht",WBZ 130,WBZ 130 - Benroth/Berkenroth,Stephan Rühl,#98D8C8,916,50.8557893,7.516599
Schönhausen,Schönhausen,,51588,Nümbrecht,"Schönhausen, 51588 Nümbrecht",WBZ 130,WBZ 130 - Benroth/Berkenroth,Stephan Rühl,#98D8C8,916,50.8554131,7.5140515
Altennümbrecht,Altennümbrecht,,51588,Nümbrecht,"Altennümbrecht, 51588 Nümbrecht",WBZ 140,WBZ 140 - Harscheid,Roger Adolphs,#6C5CE7,890,50.8877064,7.5327026
Grunewald,Grunewald,,51588,Nümbrecht,"Grunewald, 51588 Nümbrecht",WBZ 140,WBZ 140 - Harscheid,Roger Adolphs,#6C5CE7,890,50.8809632,7.5020816
Harscheid,Harscheid,,51588,Nümbrecht,"Harscheid, 51588 Nümbrecht",WBZ 140,WBZ 140 - Harscheid,Roger Adolphs,#6C5CE7,890,50.8752729,7.5284754
Lindscheid,Lindscheid,,51588,Nümbrecht,"Lindscheid, 51588 Nümbrecht",WBZ 140,WBZ 140 - Harscheid,Roger Adolphs,#6C5CE7,890,50.8675463,7.5048619
Lindscheider Mühle,Lindscheider Mühle,,51588,Nümbrecht,"Lindscheider Mühle, 51588 Nümbrecht",WBZ 140,WBZ 140 - Harscheid,Roger Adolphs,#6C5CE7,890,50.8648802,7.5121564
Mildsiefen,Mildsiefen,,51588,Nümbrecht,"Mildsiefen, 51588 Nümbrecht",WBZ 140,WBZ 140 - Harscheid,Roger Adolphs,#6C5CE7,890,50.8784267,7.4892394
Niederelben,Niederelben,,51588,Nümbrecht,"Niederelben, 51588 Nümbrecht",WBZ 140,WBZ 140 - Harscheid,Roger Adolphs,#6C5CE7,890,50.8789813,7.5102962
Oberelben,Oberelben,,51588,Nümbrecht,"Oberelben, 51588 Nümbrecht",WBZ 140,WBZ 140 - Harscheid,Roger Adolphs,#6C5CE7,890,50.8918434,7.514227
Straße,Straße,,51588,Nümbrecht,"Straße, 51588 Nümbrecht",WBZ 140,WBZ 140 - Harscheid,Roger Adolphs,#6C5CE7,890,50.8705357,7.4943548
Ahebruch,Ahebruch,,51588,Nümbrecht,"Ahebruch, 51588 Nümbrecht",WBZ 150,WBZ 150 - Marienberghausen,Frank Schmitz,#A8E6CF,842,50.8843647,7.4650033
Alsbach,Alsbach,,51588,Nümbrecht,"Alsbach, 51588 Nümbrecht",WBZ 150,WBZ 150 - Marienberghausen,Frank Schmitz,#A8E6CF,842,50.8879785,7.4876417
Erlinghausen,Erlinghausen,,51588,Nümbrecht,"Erlinghausen, 51588 Nümbrecht",WBZ 150,WBZ 150 - Marienberghausen,Frank Schmitz,#A8E6CF,842,50.9157784,7.5068791
Friedenthal,Friedenthal,,51588,Nümbrecht,"Friedenthal, 51588 Nümbrecht",WBZ 150,WBZ 150 - Marienberghausen,Frank Schmitz,#A8E6CF,842,50.8962312,7.4691008
Grünthal,Grünthal,,51588,Nümbrecht,"Grünthal, 51588 Nümbrecht",WBZ 150,WBZ 150 - Marienberghausen,Frank Schmitz,#A8E6CF,842,50.9046701,7.4909726
Guxmühlen,Guxmühlen,,51588,Nümbrecht,"Guxmühlen, 51588 Nümbrecht",WBZ 150,WBZ 150 - Marienberghausen,Frank Schmitz,#A8E6CF,842,50.9122299,7.497072
Hardt,Hardt,,51588,Nümbrecht,"Hardt, 51588 Nümbrecht",WBZ 150,WBZ 150 - Marienberghausen,Frank Schmitz,#A8E6CF,842,50.9023812,7.4805637
Hasenberg,Hasenberg,,51588,Nümbrecht,"Hasenberg, 51588 Nümbrecht",WBZ 150,WBZ 150 - Marienberghausen,Frank Schmitz,#A8E6CF,842,50.9214841,7.507072
Heide,Heide,,51588,Nümbrecht,"Heide, 51588 Nümbrecht",WBZ 150,WBZ 150 - Marienberghausen,Frank Schmitz,#A8E6CF,842,50.8891703,7.4758565
Hochstraßen,Hochstraßen,,51588,Nümbrecht,"Hochstraßen, 51588 Nümbrecht",WBZ 150,WBZ 150 - Marienberghausen,Frank Schmitz,#A8E6CF,842,50.9144512,7.4921292
Höferhof,Höferhof,,51588,Nümbrecht,"Höferhof, 51588 Nümbrecht",WBZ 150,WBZ 150 - Marienberghausen,Frank Schmitz,#A8E6CF,842,50.9176753,7.4904024
Kleinhöhe,Kleinhöhe,,51588,Nümbrecht,"Kleinhöhe, 51588 Nümbrecht",WBZ 150,WBZ 150 - Marienberghausen,Frank Schmitz,#A8E6CF,842,50.9068435,7.4881313
Kurtenbach,Kurtenbach,,51588,Nümbrecht,"Kurtenbach, 51588 Nümbrecht",WBZ 150,WBZ 150 - Marienberghausen,Frank Schmitz,#A8E6CF,842,50.8946683,7.47754
Linde,Linde,,51588,Nümbrecht,"Linde, 51588 Nümbrecht",WBZ 150,WBZ 150 - Marienberghausen,Frank Schmitz,#A8E6CF,842,50.9192286,7.4983086
Marienberghausen,Marienberghausen,,51588,Nümbrecht,"Marienberghausen, 51588 Nümbrecht",WBZ 150,WBZ 150 - Marienberghausen,Frank Schmitz,#A8E6CF,842,50.9197062,7.4950856
Neuenberg,Neuenberg,,51588,Nümbrecht,"Neuenberg, 51588 Nümbrecht",WBZ 150,WBZ 150 - Marienberghausen,Frank Schmitz,#A8E6CF,842,50.9109755,7.4851396
Niederbreidenbach,Niederbreidenbach,,51588,Nümbrecht,"Niederbreidenbach, 51588 Nümbrecht",WBZ 150,WBZ 150 - Marienberghausen,Frank Schmitz,#A8E6CF,842,50.8852959,7.4844408
Nöchel,Nöchel,,51588,Nümbrecht,"Nöchel, 51588 Nümbrecht",WBZ 150,WBZ 150 - Marienberghausen,Frank Schmitz,#A8E6CF,842,50.9063842,7.4798246
Riechenbach,Riechenbach,,51588,Nümbrecht,"Riechenbach, 51588 Nümbrecht",WBZ 150,WBZ 150 - Marienberghausen,Frank Schmitz,#A8E6CF,842,50.9024653,7.4889919
Röttgen,Röttgen,,51588,Nümbrecht,"Röttgen, 51588 Nümbrecht",WBZ 150,WBZ 150 - Marienberghausen,Frank Schmitz,#A8E6CF,842,50.8802637,7.4632568
Rose,Rose,,51588,Nümbrecht,"Rose, 51588 Nümbrecht",WBZ 150,WBZ 150 - Marienberghausen,Frank Schmitz,#A8E6CF,842,50.8926676,7.4819431
Schönthal,Schönthal,,51588,Nümbrecht,"Schönthal, 51588 Nümbrecht",WBZ 150,WBZ 150 - Marienberghausen,Frank Schmitz,#A8E6CF,842,50.9033742,7.4832795
Stranzenbach,Stranzenbach,,51588,Nümbrecht,"Stranzenbach, 51588 Nümbrecht",WBZ 150,WBZ 150 - Marienberghausen,Frank Schmitz,#A8E6CF,842,50.8777391,7.4788611
Vorholz,Vorholz,,51588,Nümbrecht,"Vorholz, 51588 Nümbrecht",WBZ 150,WBZ 150 - Marienberghausen,Frank Schmitz,#A8E6CF,842,50.9041038,7.4928999
Wolfscharre,Wolfscharre,,51588,Nümbrecht,"Wolfscharre, 51588 Nümbrecht",WBZ 150,WBZ 150 - Marienberghausen,Frank Schmitz,#A8E6CF,842,50.8984949,7.4848044
Elsenroth,Elsenroth,,51588,Nümbrecht,"Elsenroth, 51588 Nümbrecht",WBZ 160,WBZ 160 - Elsenroth,Thomas Schlegel,#FF8B94,921,50.9312265,7.5264902
Gerhardsiefen,Gerhardsiefen,,51588,Nümbrecht,"Gerhardsiefen, 51588 Nümbrecht",WBZ 160,WBZ 160 - Elsenroth,Thomas Schlegel,#FF8B94,921,50.9243001,7.5169846
Hillenbach,Hillenbach,,51588,Nümbrecht,"Hillenbach, 51588 Nümbrecht",WBZ 160,WBZ 160 - Elsenroth,Thomas Schlegel,#FF8B94,921,50.9179085,7.5154824
Homburger Papiermühle,Homburger Papiermühle,,51588,Nümbrecht,"Homburger Papiermühle, 51588 Nümbrecht",WBZ 160,WBZ 160 - Elsenroth,Thomas Schlegel,#FF8B94,921,50.9162998,7.5131716
Krahm,Krahm,,51588,Nümbrecht,"Krahm, 51588 Nümbrecht",WBZ 160,WBZ 160 - Elsenroth,Thomas Schlegel,#FF8B94,921,50.9375515,7.493805
Löhe,Löhe,,51588,Nümbrecht,"Löhe, 51588 Nümbrecht",WBZ 160,WBZ 160 - Elsenroth,Thomas Schlegel,#FF8B94,921,50.9304513,7.5055723
Mühlenthal,Mühlenthal,,51588,Nümbrecht,"Mühlenthal, 51588 Nümbrecht",WBZ 160,WBZ 160 - Elsenroth,Thomas Schlegel,#FF8B94,921,50.9257057,7.4896373
Nallingen,Nallingen,,51588,Nümbrecht,"Nallingen, 51588 Nümbrecht",WBZ 160,WBZ 160 - Elsenroth,Thomas Schlegel,#FF8B94,921,50.9349495,7.5009702
Niederstaffelbach,Niederstaffelbach,,51588,Nümbrecht,"Niederstaffelbach, 51588 Nümbrecht",WBZ 160,WBZ 160 - Elsenroth,Thomas Schlegel,#FF8B94,921,50.9236349,7.4834362
Oberbech,Oberbech,,51588,Nümbrecht,"Oberbech, 51588 Nümbrecht",WBZ 160,WBZ 160 - Elsenroth,Thomas Schlegel,#FF8B94,921,50.9264093,7.4710487
Oberstaffelbach,Oberstaffelbach,,51588,Nümbrecht,"Oberstaffelbach, 51588 Nümbrecht",WBZ 160,WBZ 160 - Elsenroth,Thomas Schlegel,#FF8B94,921,50.9293726,7.4843771
Stockheim,Stockheim,,51588,Nümbrecht,"Stockheim, 51588 Nümbrecht",WBZ 160,WBZ 160 - Elsenroth,Thomas Schlegel,#FF8B94,921,50.9296187,7.543732
Überdorf,Überdorf,,51588,Nümbrecht,"Überdorf, 51588 Nümbrecht",WBZ 160,WBZ 160 - Elsenroth,Thomas Schlegel,#FF8B94,921,50.9327799,7.4892643
Windhausen,Windhausen,,51588,Nümbrecht,"Windhausen, 51588 Nümbrecht",WBZ 160,WBZ 160 - Elsenroth,Thomas Schlegel,#FF8B94,921,50.9274214,7.5063283
